{"cameraMode":{"drawMode":0,"name":"Shaded","section":"Shading Mode"},"sceneLighting":true,"audioPlay":false,"sceneViewState":{"showFog":true,"showMaterialUpdate":false,"showSkybox":true,"showFlares":true,"showImageEffects":true,"showParticleSystems":true},"in2DMode":false,"pivot":{"x":-3.7285637855529787,"y":-4.42800760269165,"z":-9.63143253326416},"rotation":{"x":-0.05213819444179535,"y":0.9472972750663757,"z":-0.2396758645772934,"w":-0.20607157051563264},"size":8.317895889282227,"orthographic":false}