{"cameraMode":{"drawMode":0,"name":"Shaded","section":"Shading Mode"},"sceneLighting":true,"audioPlay":false,"sceneViewState":{"showFog":true,"showMaterialUpdate":false,"showSkybox":true,"showFlares":true,"showImageEffects":true,"showParticleSystems":true},"in2DMode":false,"pivot":{"x":-9.37399959564209,"y":-7.190420150756836,"z":8.714897155761719},"rotation":{"x":-0.28500619530677798,"y":0.5171563029289246,"z":-0.18778696656227113,"w":-0.7848934531211853},"size":9.919246673583985,"orthographic":false}